{"cameraMode":{"drawMode":0,"name":"Shaded","section":"Shading Mode"},"sceneLighting":false,"audioPlay":false,"sceneViewState":{"showFog":true,"showMaterialUpdate":false,"showSkybox":true,"showFlares":true,"showImageEffects":true,"showParticleSystems":true},"in2DMode":false,"pivot":{"x":-1.1579842567443848,"y":-0.7297953367233276,"z":2.74796986579895},"rotation":{"x":0.2888520658016205,"y":0.12904123961925507,"z":-0.03931666165590286,"w":0.9478222727775574},"size":4.739995002746582,"orthographic":false}