{"cameraMode":{"drawMode":0,"name":"Shaded","section":"Shading Mode"},"sceneLighting":true,"audioPlay":false,"sceneViewState":{"showFog":true,"showMaterialUpdate":false,"showSkybox":true,"showFlares":true,"showImageEffects":true,"showParticleSystems":true},"in2DMode":false,"pivot":{"x":-24.272781372070314,"y":-3.910137176513672,"z":40.40971374511719},"rotation":{"x":0.24746167659759522,"y":0.6729476451873779,"z":-0.2569996118545532,"w":0.6479625701904297},"size":16.07113265991211,"orthographic":false}