{"cameraMode":{"drawMode":0,"name":"Shaded","section":"Shading Mode"},"sceneLighting":false,"audioPlay":false,"sceneViewState":{"showFog":true,"showMaterialUpdate":false,"showSkybox":true,"showFlares":true,"showImageEffects":true,"showParticleSystems":true},"in2DMode":false,"pivot":{"x":0.004713773727416992,"y":0.69265216588974,"z":0.2695882320404053},"rotation":{"x":-0.10657558590173722,"y":0.8066315650939941,"z":-0.1533026546239853,"w":-0.5607901215553284},"size":3.926591157913208,"orthographic":false}