{"cameraMode":{"drawMode":0,"name":"Shaded","section":"Shading Mode"},"sceneLighting":false,"audioPlay":false,"sceneViewState":{"showFog":true,"showMaterialUpdate":false,"showSkybox":true,"showFlares":true,"showImageEffects":true,"showParticleSystems":true},"in2DMode":false,"pivot":{"x":0.0,"y":0.012125015258789063,"z":-0.012125015258789063},"rotation":{"x":0.19385184347629548,"y":-0.5762431621551514,"z":0.14304718375205995,"w":0.7809627056121826},"size":10.247967720031739,"orthographic":false}