{"cameraMode":{"drawMode":0,"name":"Shaded","section":"Shading Mode"},"sceneLighting":false,"audioPlay":false,"sceneViewState":{"showFog":true,"showMaterialUpdate":false,"showSkybox":true,"showFlares":true,"showImageEffects":true,"showParticleSystems":true},"in2DMode":false,"pivot":{"x":0.0,"y":0.7659494876861572,"z":1.1567115783691407},"rotation":{"x":0.06945907324552536,"y":0.6766183376312256,"z":-0.0643230676651001,"w":0.7302230000495911},"size":3.306248903274536,"orthographic":false}