{"cameraMode":{"drawMode":0,"name":"Shaded","section":"Shading Mode"},"sceneLighting":false,"audioPlay":false,"sceneViewState":{"showFog":true,"showMaterialUpdate":false,"showSkybox":true,"showFlares":true,"showImageEffects":true,"showParticleSystems":true},"in2DMode":false,"pivot":{"x":-36.801544189453128,"y":-1.668238639831543,"z":37.98434066772461},"rotation":{"x":0.11845352500677109,"y":0.5948002934455872,"z":-0.0891648605465889,"w":0.7900829911231995},"size":3.742737054824829,"orthographic":false}