{"cameraMode":{"drawMode":0,"name":"Shaded","section":"Shading Mode"},"sceneLighting":false,"audioPlay":false,"sceneViewState":{"showFog":true,"showMaterialUpdate":false,"showSkybox":true,"showFlares":true,"showImageEffects":true,"showParticleSystems":true},"in2DMode":false,"pivot":{"x":-37.11528396606445,"y":-2.1573479175567629,"z":37.609588623046878},"rotation":{"x":0.11845352500677109,"y":0.5948002934455872,"z":-0.0891648605465889,"w":0.7900829911231995},"size":4.652498722076416,"orthographic":false}