{"cameraMode":{"drawMode":0,"name":"Shaded","section":"Shading Mode"},"sceneLighting":true,"audioPlay":false,"sceneViewState":{"showFog":true,"showMaterialUpdate":false,"showSkybox":true,"showFlares":true,"showImageEffects":true,"showParticleSystems":true},"in2DMode":false,"pivot":{"x":-0.00007021427154541016,"y":-0.0018072128295898438,"z":0.00031960010528564453},"rotation":{"x":0.15054933726787568,"y":0.757720947265625,"z":-0.18808424472808839,"w":0.6064802408218384},"size":2.8965392112731935,"orthographic":false}