{"cameraMode":{"drawMode":0,"name":"Shaded","section":"Shading Mode"},"sceneLighting":false,"audioPlay":false,"sceneViewState":{"showFog":true,"showMaterialUpdate":false,"showSkybox":true,"showFlares":true,"showImageEffects":true,"showParticleSystems":true},"in2DMode":false,"pivot":{"x":-36.7191276550293,"y":-1.2877761125564576,"z":37.82175827026367},"rotation":{"x":0.11845352500677109,"y":0.5948002934455872,"z":-0.0891648605465889,"w":0.7900829911231995},"size":4.293079853057861,"orthographic":false}