{"cameraMode":{"drawMode":0,"name":"Shaded","section":"Shading Mode"},"sceneLighting":false,"audioPlay":false,"sceneViewState":{"showFog":true,"showMaterialUpdate":false,"showSkybox":true,"showFlares":true,"showImageEffects":true,"showParticleSystems":true},"in2DMode":false,"pivot":{"x":-37.62969207763672,"y":-1.9384483098983765,"z":37.479705810546878},"rotation":{"x":0.11845352500677109,"y":0.5948002934455872,"z":-0.0891648605465889,"w":0.7900829911231995},"size":4.869704723358154,"orthographic":false}