{"cameraMode":{"drawMode":0,"name":"Shaded","section":"Shading Mode"},"sceneLighting":false,"audioPlay":false,"sceneViewState":{"showFog":true,"showMaterialUpdate":false,"showSkybox":true,"showFlares":true,"showImageEffects":true,"showParticleSystems":true},"in2DMode":false,"pivot":{"x":-0.0005300641059875488,"y":0.5240567922592163,"z":0.24996018409729005},"rotation":{"x":0.11845352500677109,"y":0.5948002934455872,"z":-0.0891648605465889,"w":0.7900829911231995},"size":4.539777755737305,"orthographic":false}