{"cameraMode":{"drawMode":0,"name":"Shaded","section":"Shading Mode"},"sceneLighting":false,"audioPlay":false,"sceneViewState":{"showFog":true,"showMaterialUpdate":false,"showSkybox":true,"showFlares":true,"showImageEffects":true,"showParticleSystems":true},"in2DMode":false,"pivot":{"x":0.001308441162109375,"y":0.9370722770690918,"z":1.3655999898910523},"rotation":{"x":0.19142337143421174,"y":0.6114696264266968,"z":-0.15567825734615327,"w":0.7518152594566345},"size":6.0452351570129398,"orthographic":false}