{"cameraMode":{"drawMode":0,"name":"Shaded","section":"Shading Mode"},"sceneLighting":false,"audioPlay":false,"sceneViewState":{"showFog":true,"showMaterialUpdate":false,"showSkybox":true,"showFlares":true,"showImageEffects":true,"showParticleSystems":true},"in2DMode":false,"pivot":{"x":-0.001430511474609375,"y":0.9491738080978394,"z":1.384035348892212},"rotation":{"x":0.16486631333827973,"y":0.5930619239807129,"z":-0.12566164135932923,"w":0.7780140042304993},"size":3.3452341556549074,"orthographic":false}