{"cameraMode":{"drawMode":0,"name":"Shaded","section":"Shading Mode"},"sceneLighting":true,"audioPlay":false,"sceneViewState":{"showFog":true,"showMaterialUpdate":false,"showSkybox":true,"showFlares":true,"showImageEffects":true,"showParticleSystems":true},"in2DMode":false,"pivot":{"x":29.24749755859375,"y":-5.204226493835449,"z":30.448923110961915},"rotation":{"x":0.42334043979644778,"y":0.23988698422908784,"z":-0.11730010062456131,"w":0.8657239079475403},"size":49.071556091308597,"orthographic":false}